-- phpMyAdmin SQL Dump
-- version 4.5.1
-- http://www.phpmyadmin.net
--
-- Host: 127.0.0.1
-- Generation Time: Mar 15, 2017 at 09:36 PM
-- Server version: 10.1.19-MariaDB
-- PHP Version: 7.0.13

SET SQL_MODE = "NO_AUTO_VALUE_ON_ZERO";
SET time_zone = "+00:00";


/*!40101 SET @OLD_CHARACTER_SET_CLIENT=@@CHARACTER_SET_CLIENT */;
/*!40101 SET @OLD_CHARACTER_SET_RESULTS=@@CHARACTER_SET_RESULTS */;
/*!40101 SET @OLD_COLLATION_CONNECTION=@@COLLATION_CONNECTION */;
/*!40101 SET NAMES utf8mb4 */;

--
-- Database: `testdb`
--

-- --------------------------------------------------------

--
-- Table structure for table `article`
--

CREATE TABLE `article` (
  `ArticleID` int(4) NOT NULL,
  `AuthorID` int(4) NOT NULL,
  `Title` varchar(50) NOT NULL,
  `ArticleText` varchar(2000) NOT NULL,
  `Game` varchar(3) NOT NULL,
  `DateAdded` date NOT NULL
) ENGINE=InnoDB DEFAULT CHARSET=latin1;

--
-- Dumping data for table `article`
--

INSERT INTO `article` (`ArticleID`, `AuthorID`, `Title`, `ArticleText`, `Game`, `DateAdded`) VALUES
(1, 1, 'StatWiseGameWise is born!', 'Yes Indeed! The website is finally born! You all better enjoy your time here', 'def', '2017-02-06'),
(2, 3, 'New Article', 'word word word word word word word word word word word word word word word word word word word word word word word word', 'def', '2017-02-07'),
(3, 29, 'Bens Test', 'dsadsadasd', 'lol', '2008-03-17'),
(20, 8, 'Test', 'ads', 'def', '2017-03-15'),
(21, 8, 'Test', 'ads', 'def', '2017-03-15'),
(22, 8, 'Test', 'ads', 'def', '2017-03-15'),
(23, 8, 'Test', 'ads', 'def', '2017-03-15');

-- --------------------------------------------------------

--
-- Table structure for table `comments`
--

CREATE TABLE `comments` (
  `CommentID` int(6) NOT NULL,
  `ArticleID` int(4) NOT NULL,
  `CAuthor` int(4) NOT NULL,
  `CommentText` varchar(2000) NOT NULL,
  `DateAdded` date NOT NULL
) ENGINE=InnoDB DEFAULT CHARSET=latin1;

--
-- Dumping data for table `comments`
--

INSERT INTO `comments` (`CommentID`, `ArticleID`, `CAuthor`, `CommentText`, `DateAdded`) VALUES
(19, 1, 29, 'wewew', '2017-03-15'),
(20, 2, 29, 'wewew', '2017-03-15'),
(21, 2, 29, 'wewew', '2017-03-15'),
(22, 2, 29, 'wewew', '2017-03-15');

-- --------------------------------------------------------

--
-- Table structure for table `users`
--

CREATE TABLE `users` (
  `userID` int(4) NOT NULL,
  `username` varchar(20) NOT NULL,
  `email` varchar(30) NOT NULL,
  `password` varchar(128) NOT NULL,
  `admin` smallint(1) NOT NULL,
  `salt` varchar(128) NOT NULL,
  `Created` varchar(20) NOT NULL,
  `Due` varchar(20) NOT NULL,
  `photo` mediumblob
) ENGINE=InnoDB DEFAULT CHARSET=latin1;

--
-- Dumping data for table `users`
--

INSERT INTO `users` (`userID`, `username`, `email`, `password`, `admin`, `salt`, `Created`, `Due`, `photo`) VALUES
(1, 'Aleks', 'Aleks@Aleks.com', 'Password1', 1, '', '07/01/17', '25/12/17', NULL),
(2, 'Chris', 'Chris@Chris.com', 'Password1', 1, '', '07/01/17', '25/12/17', NULL),
(3, 'Ben', 'Ben@Ben.com', 'Placeholder', 1, '', '07/01/17', '25/12/17', NULL),
(8, 'Christest', 'Chris@gmail.com', 'faf2a3be4db969c413da9ddc4a34930cb01948dae2240c98e1890f1cb911fc0094e7d032093e8b8415bfd7df4328a47837c2cf1422b0fc1973744a1fd81051cd', 0, 'îÛ€dsD9E,SÆ5vø', '16/02/17', '26/02/17', 0xffd8ffe000104a46494600010100000100010000ffdb00840009060712101215101012150f15101515150f0f15150f151510101515161615151515181d2820181a251d151521312125292b2e2e2e171f3338332d37282d2e2b010a0a0a0e0d0e1710101a2d1d1f252d2d2d2d302e2d2d2d2d2d2d2d2d2d2d2d2d2d2d2d2d2d2d2d2d2d2d372d2d2d2d2d2d2d2d2b2d2d2d2d2d2d2d2d2d2d2b2dffc000110800b7011303012200021101031101ffc4001c0000010501010100000000000000000000030001020405060708ffc4003c100001030203040706050402030100000001000211030412213105415161061322718191a13252b1c1d1f007142342e1336282f1729263b2d253ffc4001a010002030101000000000000000000000000010203040506ffc4002711000202030002020103050000000000000001021103122104311341225162d114334282c1ffda000c03010002110311003f00e64354c35380a61aac20306a906a980a41a8021853e153c2a4ca65d900784e71e694a4a2ad928c5c9d205086eacd1bc2bb57669c86678e607a7d54a9d8802200e70b2cbcb5f4698f8dfa9975af1add43b3fed4cdbb0730d777405abf979fda5d1be094dd498f674df84aaffab9167f4d13345c889c27c94baf6ef31df92b6fa446808f3f942ab56993ba796e3e89c7cb9117e322620e99a585679a027b24b4f291f04ecbc7b75ed8e394ff002af879317ef8532c125e8bf8536150b7bc63f430781c8a3c2d09a7e8a5a6bd83c29b0a2c2509881614a1130a585000f0a6c28b85342400b0a62d452131080025aa242310a24206048502118851212000428908c428108002428108c4281081822140846214084002c2929424901ba029b424029b426447014804e0276d1eb1d82606aeee4a525156c9463b3a09676ed7f69e4860d223b47e8b5a9e182409dc0c000470e7dcab56b8a544004cee00c49ee10a9b2f4be5b4c4e7990d2f81dc3ef25cac93737674a1050545deb46f797708099f5c344eff0097394cc6650eed1df38401ff005cd4996c35cb9c34c798015745a915dd7ee71f67c73f9242ab872f3f9abcca7dcee3a0f8c153ea37411cb8a5458a0510f71d6106adacee8f3f8ad21487ed9085568541fb710f0489fc2d98f716a778c5cf29faaaeeb507e6750b746176441672ce154ae301c891f7c47cd493232c2cc37dac491e9bf9c1fbefd119955c32ec8e00e41c3fb5da4f256abdcb446e2348cbd220aa379784022016bb868721afdf0c95b1935e8cd3c6becb34ae81385dd93e87b8ab18572afb893bda4687b9741b2ee71b73d574316572e33064c75d459c29614584d0af2907853614584c5a900284c5a8b098b5030242896a316a8908100214084721408486048502118850210302428108c428108000428908c4281080050929427401ba1a88d6a20a6a4d6256205524030aadbdf864bcc1f1e0aedcb6187c3e2257217d58b9fd5b7427459fc87ca34605f615f70fb87939c72ca07dee5d56c6b3aac68c34f10d46230d3a0c9bfc2a9b136435a5bd641073c3c799f2d1762cb8d20139401204f791b96366d8a2b52b4744b9a04e87108f01014e8dbceecb740016b5a5b621dbd732ee0d91a0faa332941988cb21c92a34e3a29db580e11cb3560d93784c2bc1dbb58f9a77673f0e24e8a12342919ff951fc6493e988c95d238f9a139a3790a0a25aa6625d501bfce3e2167dcdbc9d07818f45bd754b7ebbc46f5997223778a834d16aa9239bda1639684e900ac2a948830721bc73faaee9f4b169b84fac2c3daf644f680eff0012aec52ed330f958696c8e6dd698864b4b63da16e672e1f556edacf8e6ae862e9628574e2659fd1184a1121342d0672109a112128400284c422e14c4206048502118851212002428108c428108002421908e4281090c0908642396a816a0001086e08ee6a839a80030929e149033ac6d2446d14568456854db274675fd221b2200de78702b84b7786d473810e324348ce0729debd2ebd3c4d2349044f05e65694435f077123d5539597623a6d9559e48206739939c6f92bafb1a458311c44eb2779dfddf7dcb90b2bb6d001ce13c04493dd9e439ad6b4ba75621ef7767753927ce200f259e8db13aab7bcce01924e639ab84e6352753f458f60cdcc6c718f99f92daa548eedff148d105d2d30023bb20a353fdfcd34e1ca7340baa848ece72a12658a3d0376e2e101c1bcf9f72c1af6355fecd42788823d67e4b4305424fed0352721de4ee0ab5eed5a54185ee7bdc1b912c63836780d27d5118d8dea97594d946ad3c9ee7083a993deadb1a5c0349c44e40f8aceb1dbe2e65ac6bf49c2f19c6e2392d7b2a78476b5d094daaf63c7fb4aeeacca65d240043bcb23f45897f7ef78258c21a74738448e5c56bdf5b34d569c21f13846644eb240d5605eedba55ea756ceb5c5ae871c3d9cb51ea13846fa55e4cbda6ebfe962d291c2273cb53a947ea95da54b25234974632a5470e4add99fd526ead681a49baa52dc8ea50ead2ead5fea937548dc352875698d357faa4c692370d4ce34d40d35a468a81a28dc35334d35034d691a2a0692370d4ce34d40d35a469281a496e3d4cd34d40d35a2ea6a069a370d4ce34d40d35a069a1962360a287549d5cc0991b051bcd722b5cab34a2b4a96a4760cea9024eed579c5b8c551ce06332413980267c7b976fb62a96d17c6a4619e13913e52b8fb7a2034bbde25aceffa44acd9bda469c1fa9d8ec5b1652631eea22e2bd701f8ea1fe9b5d9b5a358cb82d8a4d06a0655a4d61709639b8a0c6a2771e5c8a26cb7078b67cc8c2c6bb4c880411e855adad5dd85c294630d381ce9c2d339181a9cfd5643bd1825154be8bf42986c06e53a857e982377d854766d3c6d6d420b498969dc6248f02615baaf83e1a297d19e4bf2a402b09f9a66d30446a835c9925129dc01aaa5f4be9d70b148340823bb3c82a5b46932a34b5cd69075900cf7a3baa03bd50ba2624296ed1158eca56d68d618a700364e42001bd5da36f399dfc102d6a46ed51e8de4bb0347b319f194b6dba5aa2e3c4036adbc365b916e72b07f2d4db51af681dbf688104e44fc575778c3849039c19cb8fcd72d7003413bc66d3c388fbe2a6a5ab2acd8fe4817c14a505af9cf8a58974353cf6c1652941c49b127a858694c4a1634d8d2d42c2ca44a097a62f45058525449432f513512a1932541c541d510dd5101d26e286e2a0ea884ea88e074239c86e286ea886eaa8e074238a1b8a1baaa83aa22d0530929201a8927c0a37da115a10da8ad5794993d22a90c6b3df767c70813978c0f12b2acad4ba0c093d9637dddd31e655de93021f49dbb31e283b2ab76c1dc34f2d7ce161cb7bb3761ad51d4ec0a7d5d30c264b4e26ff8c4f9e67c16c920bda4663231ddc7c560b096c107841df3bd6d5bdcd310e393b7b774f11c9676ba76704ee34c96cbda2f6d47d0a8c70c4f73e955fdae0ece39106725a555d2646fd42aafba69692e20402505d731075ddfca4d92d3b65e34c7f39a054a13923d3748cb2e2101f533f8051a4116ec0bd908873520e0787f0a15dc005127666df558c8664e838954ed6f5f483a960fd473a5af20e1c3191c43c55fa748bdd8bddd159ea38e7f28493a24daaa396bfdb975681e6b8eb1ae1d87d363fb23421f9981cf2406dc3ead2155c0b318385a7500e84f33aae976a31ae1074222560759d82c39961c8f2565d99a4dab2f811970494884d0bac79c1932942684808a4a4a2e2958d220f72aefad0957a8b3ab555972e5a3562c57ecb6eb850372b3cd42a388aa3e665ff122f9b85035d5494ca3f330f89164d6437d641250aa391f2b17c6831aea0eaeaa39ca2e29eec5a20eeaea26baaae2865c9eec3445a359254e524f762d11df34233421b422b42ea1cea057b6eda8c2d709c8c1e078acea5658462c861d4ee339482b661705d2de90e179b7b739364547ebda3ab5bc86fe6b3e5c6e4d3468c39354d33b1e8edf51aeea94499341c038411da3bfcda4782dfabb343b29907490b1bf056da9d7a1706a769f55e3113bdad6800784cf8aea2f6cdf6aec2e9731dec3f87277d566cd85c7a8e8f8d9d4bf17ecc5b9d8ad8ed39c620c02e00c19833a8cb44573a15eb832deefb2a85433b967bb4742258a575b91714fde8b2dae828f46b4fd1449a345ba205cb672f350fcc80ab56bbc8fc1202752f7076180b8f01f133a2ad5ae6b1c9d52951ddfbdc7e002106ba240d4c929bf278b278c53a942909c5be99978467376dcf7ff00b2a8dae238bb42a08c9c0476739d5685e6c8a6012d6091c40f459cda869e2e05a42b1cb851913be9d137300f1013c29b19000e000f44c574ecf3f44084373e12ab56167dc5ca84a6916431b65a7d7556adcaa156e5577569592798d90c08b75abaaae721624a566949b342824113a1ca5290e8212a25ca053201a139c86e2a6428152456c094c429b82892a44413da80e08ee286e0a488b05292749023d0da898801248006649d00e6579d5d74faa9fe952653e05c5cf3f20b12ff00a43715e5b52a92d76ac10d69f00bab673a8ea7a4bd3490695a1e4eafff00c7d570f8bfda8a48247a47e0ded9eaabba81306a76e9f3734769be2df815efa1acb8a70e121da8e057c8bb3af1f42a32b5330ea4e0e6f81d0f2232ee2be9ce8a6d86d7a4cb8a665955a091c0ef0798323c1263467ed5d9afb676f7533ecbb8722b26a323e4bd36a536d46c380735c1717b7760be8cbe9cbe9f0ded58b2e0aec4e9f8fe5dfe33f673ee68f150060c6896307c127ba7259e8e858f51f23331f7aaa75af29d339ba7ebc90af99e0836b68c1991af7faca4e288b93fa362d36931dbbc512e2e1a721e3f45917571844377683e8b9ebbda554698401fb8ba23bf242809e651f674d7758679f79e1dcb1ac69f5b59a066d6769fdc2308f13f02b27661b9bc7616f62983dbad9c7737493c97596f6eca0cc0cf171d5c7892af8e2aeb3167f254d6b12ebea054ebd755ab5d2a956bca72f2119a3e393af70a85579288ecd470acb3cd66a86348ae414d8559c09b02af62d480062906238627c296c3a01812c08f0a251b05012d4b0a994c51b0a813d572e562aaa8e5644ada24e280e722b956a855912b908b934a892a20a621e53a8a74051c7a40c109a5315d33981c94f2869c14c904057a7fe0cf48faba8eb1a87b3565f42775403b6c1de048e6d3c5797047b5b87537b6a537163d8e0e63c6ad734c82803eb8b6b82de6382d16540e1966b8be856de17f694ee04073861aad1fb2b37278eede3910ba4a4e23448665f483a2edab3528431fbd9a35dddee9f45c15ed3a949c58f616386ad233fe473192f5d6559c8e4a86d5d9ecaedc1507fc5f02587883f2dea9c9893ea35e1f2650e3ea3cad968f79c4fc80d0286d0aeda62273f046e94de3b67914eb6169749a6e13151a2336f0d464749dfaae56a32ad6fd4a94eae03a7e9d401de31a7c565f8ddf4e8bc91d6d3057bb42a54914c481ad439301e477f82bbb1fa2c6ac54ba2e2356d3cdb3cc8dc3d7b960d6e90be9d786d26e1a3906bc180f8106388566c7a7d585402bb58fa6e30e2d041683bf9ad38f1a5ece5e7cd6e91e86ca4d634358035ad10d68000039059d7ce5a25f22468745997a119b912383b2322a3f350c488ea6a05ab92df4eaa888394839421380a23a244a8e24c5450309298b93428b8260c96251252012213a22c89294a509e14a8882aaaa395caa154729c483631556aab802af59aa712b995d40a200a0e0a44470524c12401c8241249aba67309a7514e818e0a9625049007a17e0f7493f2b77f96a8e8a5770dcce4cae3fa6ee53ecf8b782fa0d99af8f18f20c824119823220f1057d35f879d241b42ce9d671fd467e9dc0ff00cad03b5dce10ef143248eb00593d28e9251b0a5d65532e7e54694f6aa3be4d1bcfcc8566f6ff00ab863463a8ef65bb80f79c770f53b979af4fba3556bb9f72d73ab54a502ab0efa64626ba98dd12461e5c75849bae1afc4c509e58ac9c4719d23b9a97951d7155f8dcef2637735a37347de6b6fa09d29a8d22c2b38bd8f07f2ee273a6f02704fba7381b8c715c887169104c7a146acfeaaad2acdfd8f6bb2fed20959a2da91ea7cff1f164f1e4e31d755ebf83236bd526ad571d4d4793ff0062b2c3b3cf49f45676a543d6d49cbb6f91fe455295a8f16cf6dd9d7d4aad369a4f6bc000647481c106ecaf1db5bba949d8e9bcb0f107e2baed97d30c6032e041dd50687bc2ab3c5b8f0b70492974e8dc50dca0daa0890641d084f2b8cd74ec21c0520d5105101486d837350e119e504952446c98099c12052714c445312989507152484c9624f89572e4d8d4c8b0955caa38a2bdc8254915b260a0d753943ac9c7d8a5e8ad2a2f4c4a44ab195a1a532694c90ce4d24925d3398205481515201003a7514e818e176df851d233677829b9d14aee29d4d21b527f49fe0496f73cf05c42902803eacbd6c80f1ab0e7cc235b00e7177bcc877f89cbff00672e63f0f36f7e7ec98f799a8c1d557e25ed118bfc9b85de256adedf8b6a6e7bcc75797fca7485166883b4792f4eade9d3beae290c219048ca054734131e26553e8f50a6fa8c65468735ef6b1c0f0a9d891cc4cac9e946d2757b9a954f67ac325a0e43927d9578e631eeff00f38734f0234f82cce3f959e9fc6f221387c525fe2fbfeacb3d1ee8c3efefaa527c86527bfafa838b4c000f130b9ddb1b39f6d5aa50a9ed5271693c47ed778882bd97f0c2d705a36b1f6ae5efa8f3c49397a2e77f19b63617d3bc68f6ff004eaf7892c27d4792d48f26d70f2f0924e4a532068ecbdb15281c8e26ef61d3c382ec766ed6a75c764c3b7b4eabcf14e9d42d32d2411a10b3e6f1e393be99a30f932c7cf68f4f054c15ce747b6df5bfa753db1a1f782e8015cbc98dc1d33a709a9ab449c508a917281292243829894c9a53a131d0dca6a0f524441394548a8a908671412515e82a48832610eaa9851a885ec1fa283d294f5540156b2a434a7512924072a92492e91cd1c27492400924e92062493a4803bcfc1fdb86def3f2e6705d8c31c2ab012c3e588788e0bd0bf126bfe9b1bc439cee60643e25249465e8b717b3c5f687f51dce0f980515c30db3cfbe40f04c92a7ed1dbc1fdbc8ff0063fe0f75d816c1b656e5990ea69b80e65a0a8f4a7670bdb3a94b7b9a4b0f0a8dcda7cc049257a38d25d3e73a83f9504e92650c492749022542a963838645a657a35bd5c4d6bbde00a492c3e6ae459bfc17d92278924925851bc454532498879517149252220ca8ca492001bca112924a68831c14cf2924822ca158a802924aefa2afb1924924867fffd9),
(9, 'AleksMtr', 'aleksmtr@yahoo.com', '6e33a5b75b599ebee8bc594d7b5120f63b9cbae93569a0ab598eb7b68a16e151dc28591a3011579a51acdb7dd7a5b35fe0441b3aef10f95a4d4a23f0756ee963', 1, 'sŒu£>	ÁõìœúJWœÐ', '03/03/17', '13/03/17', NULL),
(29, 'BenRose', 'ben.rose76@gmail.com', 'ce0a57b223e57d295fc0dcd5db69b4f526d07966c1c5b837b65412acf06f9ae6d546ab6a3fbec11bcacf850d82d430d7b8aaa254e559d4be6c852394c2845a04', 1, 'Õªõ,ç—Yj¡†‰cÏÅ', '08/03/17', '18/03/17', NULL);

--
-- Indexes for dumped tables
--

--
-- Indexes for table `article`
--
ALTER TABLE `article`
  ADD PRIMARY KEY (`ArticleID`),
  ADD KEY `AuthorID` (`AuthorID`);

--
-- Indexes for table `comments`
--
ALTER TABLE `comments`
  ADD PRIMARY KEY (`CommentID`),
  ADD KEY `ArticleID` (`ArticleID`),
  ADD KEY `CAuthor` (`CAuthor`);

--
-- Indexes for table `users`
--
ALTER TABLE `users`
  ADD PRIMARY KEY (`userID`);

--
-- AUTO_INCREMENT for dumped tables
--

--
-- AUTO_INCREMENT for table `article`
--
ALTER TABLE `article`
  MODIFY `ArticleID` int(4) NOT NULL AUTO_INCREMENT, AUTO_INCREMENT=24;
--
-- AUTO_INCREMENT for table `comments`
--
ALTER TABLE `comments`
  MODIFY `CommentID` int(6) NOT NULL AUTO_INCREMENT, AUTO_INCREMENT=23;
--
-- AUTO_INCREMENT for table `users`
--
ALTER TABLE `users`
  MODIFY `userID` int(4) NOT NULL AUTO_INCREMENT, AUTO_INCREMENT=30;
--
-- Constraints for dumped tables
--

--
-- Constraints for table `article`
--
ALTER TABLE `article`
  ADD CONSTRAINT `article_ibfk_1` FOREIGN KEY (`AuthorID`) REFERENCES `users` (`userID`);

--
-- Constraints for table `comments`
--
ALTER TABLE `comments`
  ADD CONSTRAINT `comments_ibfk_1` FOREIGN KEY (`ArticleID`) REFERENCES `article` (`ArticleID`),
  ADD CONSTRAINT `comments_ibfk_2` FOREIGN KEY (`CAuthor`) REFERENCES `users` (`userID`);

/*!40101 SET CHARACTER_SET_CLIENT=@OLD_CHARACTER_SET_CLIENT */;
/*!40101 SET CHARACTER_SET_RESULTS=@OLD_CHARACTER_SET_RESULTS */;
/*!40101 SET COLLATION_CONNECTION=@OLD_COLLATION_CONNECTION */;
